-- --------------------------------------------------------
-- Host:                         127.0.0.1
-- Server version:               8.0.30 - MySQL Community Server - GPL
-- Server OS:                    Win64
-- HeidiSQL Version:             12.1.0.6537
-- --------------------------------------------------------

/*!40101 SET @OLD_CHARACTER_SET_CLIENT=@@CHARACTER_SET_CLIENT */;
/*!40101 SET NAMES utf8 */;
/*!50503 SET NAMES utf8mb4 */;
/*!40103 SET @OLD_TIME_ZONE=@@TIME_ZONE */;
/*!40103 SET TIME_ZONE='+00:00' */;
/*!40014 SET @OLD_FOREIGN_KEY_CHECKS=@@FOREIGN_KEY_CHECKS, FOREIGN_KEY_CHECKS=0 */;
/*!40101 SET @OLD_SQL_MODE=@@SQL_MODE, SQL_MODE='NO_AUTO_VALUE_ON_ZERO' */;
/*!40111 SET @OLD_SQL_NOTES=@@SQL_NOTES, SQL_NOTES=0 */;

-- Dumping structure for table blog.b_author
CREATE TABLE IF NOT EXISTS `b_author` (
  `name` varchar(50) COLLATE utf8mb4_vietnamese_ci DEFAULT NULL,
  `content` varchar(255) COLLATE utf8mb4_vietnamese_ci DEFAULT NULL,
  `facebook` varchar(255) COLLATE utf8mb4_vietnamese_ci DEFAULT NULL,
  `instagram` varchar(255) COLLATE utf8mb4_vietnamese_ci DEFAULT NULL,
  `twitter` varchar(255) COLLATE utf8mb4_vietnamese_ci DEFAULT NULL,
  `youtube` varchar(255) COLLATE utf8mb4_vietnamese_ci DEFAULT NULL,
  `avatar` varchar(255) COLLATE utf8mb4_vietnamese_ci DEFAULT NULL
) ENGINE=InnoDB DEFAULT CHARSET=utf8mb4 COLLATE=utf8mb4_vietnamese_ci;

-- Dumping data for table blog.b_author: ~1 rows (approximately)
INSERT INTO `b_author` (`name`, `content`, `facebook`, `instagram`, `twitter`, `youtube`, `avatar`) VALUES
	('Bền Bò 123', 'Bạn sẽ không bao giờ đạt đến đích nếu bạn cứ đứng lại và ném đá vào mỗi con chó trên đường, chỉ vì tiếng sủa của chúng.', 'facebook.com', 'instagram.com', 'twitter.com', 'youtube.com', 'aabbcc.com');

-- Dumping structure for table blog.b_categories
CREATE TABLE IF NOT EXISTS `b_categories` (
  `id_cate` int NOT NULL AUTO_INCREMENT,
  `title` varchar(100) COLLATE utf8mb4_vietnamese_ci DEFAULT NULL,
  PRIMARY KEY (`id_cate`)
) ENGINE=InnoDB AUTO_INCREMENT=10 DEFAULT CHARSET=utf8mb4 COLLATE=utf8mb4_vietnamese_ci;

-- Dumping data for table blog.b_categories: ~6 rows (approximately)
INSERT INTO `b_categories` (`id_cate`, `title`) VALUES
	(1, 'Food'),
	(2, 'Travel'),
	(3, 'Motobiker'),
	(6, 'chuyen D'),
	(7, 'Lập trình'),
	(8, '7'),
	(9, 'Lập trình 2');

-- Dumping structure for table blog.b_cate_of_post
CREATE TABLE IF NOT EXISTS `b_cate_of_post` (
  `id` int NOT NULL AUTO_INCREMENT,
  `category_id` int DEFAULT NULL,
  `post_id` int DEFAULT NULL,
  KEY `Index 1` (`id`),
  KEY `FK__b_post` (`post_id`),
  CONSTRAINT `FK__b_post` FOREIGN KEY (`post_id`) REFERENCES `b_post` (`id`) ON DELETE CASCADE
) ENGINE=InnoDB AUTO_INCREMENT=16 DEFAULT CHARSET=utf8mb4 COLLATE=utf8mb4_vietnamese_ci;

-- Dumping data for table blog.b_cate_of_post: ~3 rows (approximately)
INSERT INTO `b_cate_of_post` (`id`, `category_id`, `post_id`) VALUES
	(9, 1, 28),
	(10, 2, 28),
	(11, 2, 29),
	(15, 9, 27);

-- Dumping structure for table blog.b_comment
CREATE TABLE IF NOT EXISTS `b_comment` (
  `id` int NOT NULL AUTO_INCREMENT,
  `content` longtext CHARACTER SET utf8mb3 COLLATE utf8mb3_vietnamese_ci NOT NULL,
  `status` int NOT NULL,
  `url` varchar(255) CHARACTER SET utf8mb3 COLLATE utf8mb3_vietnamese_ci DEFAULT NULL,
  `user_id` int NOT NULL DEFAULT '2',
  `post_id` int NOT NULL,
  `created_time` datetime NOT NULL,
  PRIMARY KEY (`id`),
  KEY `post_id` (`post_id`),
  KEY `user_id` (`user_id`),
  CONSTRAINT `b_comment_ibfk_2` FOREIGN KEY (`post_id`) REFERENCES `b_post` (`id`) ON DELETE CASCADE,
  CONSTRAINT `b_comment_ibfk_3` FOREIGN KEY (`user_id`) REFERENCES `b_user` (`id`)
) ENGINE=InnoDB AUTO_INCREMENT=17 DEFAULT CHARSET=utf8mb3 COLLATE=utf8mb3_vietnamese_ci;

-- Dumping data for table blog.b_comment: ~2 rows (approximately)
INSERT INTO `b_comment` (`id`, `content`, `status`, `url`, `user_id`, `post_id`, `created_time`) VALUES
	(14, 'đâsdasdsa', 1, NULL, 2, 27, '2022-12-24 00:14:27'),
	(15, 'ghfghfgh', 1, NULL, 2, 27, '2022-12-24 00:15:15'),
	(16, 'sdfsdf', 1, NULL, 2, 39, '2022-12-24 17:23:29');

-- Dumping structure for table blog.b_post
CREATE TABLE IF NOT EXISTS `b_post` (
  `id` int NOT NULL AUTO_INCREMENT,
  `title` varchar(255) CHARACTER SET utf8mb3 COLLATE utf8mb3_vietnamese_ci NOT NULL,
  `content` longtext CHARACTER SET utf8mb3 COLLATE utf8mb3_vietnamese_ci NOT NULL,
  `thumbnail` varchar(255) CHARACTER SET utf8mb3 COLLATE utf8mb3_vietnamese_ci DEFAULT 'https://img.freepik.com/premium-vector/comic-youtube-thumbnail-background-comic-style_530597-997.jpg?w=2000',
  `tags` longtext CHARACTER SET utf8mb3 COLLATE utf8mb3_vietnamese_ci NOT NULL,
  `category_id` int DEFAULT NULL,
  `status` int NOT NULL,
  `created_time` datetime NOT NULL,
  `updated_time` datetime NOT NULL,
  `author_id` int NOT NULL,
  `hot` int NOT NULL DEFAULT '0',
  `slug` longtext COLLATE utf8mb3_vietnamese_ci,
  PRIMARY KEY (`id`),
  KEY `author_id` (`author_id`),
  CONSTRAINT `b_post_ibfk_1` FOREIGN KEY (`author_id`) REFERENCES `b_user` (`id`)
) ENGINE=InnoDB AUTO_INCREMENT=42 DEFAULT CHARSET=utf8mb3 COLLATE=utf8mb3_vietnamese_ci;

-- Dumping data for table blog.b_post: ~12 rows (approximately)
INSERT INTO `b_post` (`id`, `title`, `content`, `thumbnail`, `tags`, `category_id`, `status`, `created_time`, `updated_time`, `author_id`, `hot`, `slug`) VALUES
	(27, 'OOP là gì? 4 đặc tính cơ bản của OOP', '<p><em>OOP (viết tắt của Object Oriented Programming) &ndash; lập tr&igrave;nh hướng đối tượng l&agrave; một phương ph&aacute;p lập tr&igrave;nh dựa tr&ecirc;n kh&aacute;i niệm về lớp v&agrave; đối tượng. OOP tập trung v&agrave;o c&aacute;c đối tượng thao t&aacute;c hơn l&agrave; logic để thao t&aacute;c ch&uacute;ng, gi&uacute;p code dễ quản l&yacute;, t&aacute;i sử dụng được v&agrave; dễ bảo tr&igrave;.</em></p>\r\n<p>Bất kỳ developer n&agrave;o muốn đi tr&ecirc;n con đường lập tr&igrave;nh cũng đều phải biết về OOP.</p>\r\n<p>Đọc b&agrave;i viết n&agrave;y để biết:</p>\r\n<ul>\r\n<li>OOP l&agrave; g&igrave;? Đối tượng v&agrave; lớp trong OOP l&agrave; g&igrave;?</li>\r\n<li>C&aacute;c đặc t&iacute;nh cơ bản của OOP l&agrave; g&igrave;?</li>\r\n<li>C&aacute;c ng&ocirc;n ngữ OOP phổ biến v&agrave; t&agrave;i liệu tham khảo</li>\r\n</ul>\r\n<p><strong>Tham khảo&nbsp;<a href="https://itviec.com/it-jobs/oop-developer?utm_source=blogpost&amp;utm_medium=first_post&amp;utm_campaign=linktosite" target="_blank" rel="noreferrer noopener">việc l&agrave;m OOP Developer</a>&nbsp;tr&ecirc;n ITviec.</strong></p>\r\n<p><span id="more-19720"></span></p>\r\n<h2><span id="Lap_trinh_huong_doi_tuong_OOP_la_gi_OOP_duoc_dung_de_lam_gi"><strong>Lập tr&igrave;nh hướng đối tượng (OOP) l&agrave; g&igrave;? OOP được d&ugrave;ng để l&agrave;m g&igrave;?</strong></span></h2>\r\n<p>OOP (viết tắt của Object Oriented Programming) &ndash; lập tr&igrave;nh hướng đối tượng l&agrave; một phương ph&aacute;p lập tr&igrave;nh dựa tr&ecirc;n kh&aacute;i niệm về lớp v&agrave; đối tượng. OOP tập trung v&agrave;o c&aacute;c đối tượng thao t&aacute;c hơn l&agrave; logic để thao t&aacute;c ch&uacute;ng.</p>\r\n<p>OOP l&agrave; nền tảng của c&aacute;c design pattern hiện nay.</p>\r\n<blockquote class="wp-block-quote">\r\n<p>Đọc th&ecirc;m:&nbsp;<a href="https://itviec.com/blog/design-pattern/" target="_blank" rel="noreferrer noopener">Design pattern l&agrave; g&igrave;? V&igrave; sao n&ecirc;n học design pattern?</a></p>\r\n</blockquote>\r\n<p>Mục ti&ecirc;u của OOP l&agrave; tối ưu việc quản l&yacute; source code, gi&uacute;p tăng khả năng t&aacute;i sử dụng v&agrave; quan trọng hơn hết l&agrave; gi&uacute;p t&oacute;m gọn c&aacute;c thủ tục đ&atilde; biết trước t&iacute;nh chất th&ocirc;ng qua việc&nbsp;sử dụng c&aacute;c đối tượng.</p>\r\n<h2><span id="Doi_tuong_Object_va_Lop_Class_trong_OOP_la_gi"><strong>Đối tượng (Object) v&agrave; Lớp (Class) trong OOP l&agrave; g&igrave;?</strong></span></h2>\r\n<h3><strong>Đối tượng (Object)</strong></h3>\r\n<p>Đối tượng trong OOP bao gồm 2 th&agrave;nh phần ch&iacute;nh:</p>\r\n<ul>\r\n<li>Thuộc t&iacute;nh (Attribute): l&agrave; những th&ocirc;ng tin, đặc điểm của đối tượng</li>\r\n<li>Phương thức (Method): l&agrave; những h&agrave;nh vi m&agrave; đối tượng c&oacute; thể thực hiện</li>\r\n</ul>\r\n<p>Để dễ h&igrave;nh dung, ta c&oacute; một v&iacute; dụ thực tế về đối tượng l&agrave; smartphone. Đối tượng n&agrave;y sẽ c&oacute;:</p>\r\n<ul>\r\n<li>Thuộc t&iacute;nh: m&agrave;u sắc, bộ nhớ, hệ điều h&agrave;nh&hellip;</li>\r\n<li>Phương thức: gọi điện, chụp ảnh, nhắn tin, ghi &acirc;m&hellip;</li>\r\n</ul>\r\n<h3><strong>Lớp (Class)</strong></h3>\r\n<p>Lớp l&agrave; sự trừu tượng h&oacute;a của đối tượng. Những đối tượng c&oacute; những đặc t&iacute;nh tương tự nhau sẽ được tập hợp th&agrave;nh một lớp. Lớp cũng sẽ bao gồm 2 th&ocirc;ng tin l&agrave; thuộc t&iacute;nh v&agrave; phương thức.</p>\r\n<p>Một đối tượng sẽ được xem l&agrave; một thực thể của lớp.</p>\r\n<p>Tiếp nối v&iacute; dụ ở phần đối tượng (object) ph&iacute;a tr&ecirc;n, ta c&oacute; lớp (class) smartphone gồm 2 th&agrave;nh phần:</p>\r\n<ul>\r\n<li>Thuộc t&iacute;nh: m&agrave;u sắc, bộ nhớ, hệ điều h&agrave;nh&hellip;</li>\r\n<li>Phương thức: gọi điện, chụp ảnh, nhắn tin, ghi &acirc;m&hellip;</li>\r\n</ul>\r\n<p>C&aacute;c đối tượng của lớp n&agrave;y c&oacute; thể l&agrave;: iPhone, Samsung, Oppo, Huawei&hellip;</p>\r\n<h2><span id="Uu_diem_cua_lap_trinh_huong_doi_tuong_OOP"><strong>Ưu điểm của lập tr&igrave;nh hướng đối tượng OOP</strong></span></h2>\r\n<ul>\r\n<li>OOP m&ocirc; h&igrave;nh h&oacute;a những thứ phức tạp dưới dạng cấu tr&uacute;c đơn giản.</li>\r\n<li>Code OOP c&oacute; thể sử dụng lại, gi&uacute;p tiết kiệm t&agrave;i nguy&ecirc;n.</li>\r\n<li>Gi&uacute;p sửa lỗi dễ d&agrave;ng hơn. So với việc t&igrave;m lỗi ở nhiều vị tr&iacute; trong code th&igrave; t&igrave;m lỗi trong c&aacute;c lớp (được cấu tr&uacute;c từ trước) đơn giản v&agrave; &iacute;t mất thời gian hơn.</li>\r\n<li>C&oacute; t&iacute;nh bảo mật cao, bảo vệ th&ocirc;ng tin th&ocirc;ng qua đ&oacute;ng g&oacute;i.</li>\r\n<li>Dễ mở rộng dự &aacute;n.</li>\r\n</ul>\r\n<h2><span id="4_dac_tinh_co_ban_cua_OOP"><strong>4 đặc t&iacute;nh cơ bản của OOP</strong></span></h2>\r\n<h3><strong>T&iacute;nh đ&oacute;ng g&oacute;i (Encapsulation)</strong></h3>\r\n<figure class="wp-block-image size-large"><picture class="wp-image-19733 sp-no-webp" data-lazy-srcset="https://itviec.com/blog/wp-content/uploads/2020/09/oop-la-gi-1.jpg 513w, https://itviec.com/blog/wp-content/uploads/2020/09/oop-la-gi-1-300x188.jpg 300w, https://itviec.com/blog/wp-content/uploads/2020/09/oop-la-gi-1-200x125.jpg 200w" data-lazy-sizes="(max-width: 513px) 100vw, 513px"><source srcset="https://itviec.com/blog/wp-content/uploads/2020/09/oop-la-gi-1.webp 513w,https://itviec.com/blog/wp-content/uploads/2020/09/oop-la-gi-1-300x188.webp 300w,https://itviec.com/blog/wp-content/uploads/2020/09/oop-la-gi-1-200x125.webp 200w" type="image/webp" sizes="(max-width: 513px) 100vw, 513px" data-lazy-srcset="https://itviec.com/blog/wp-content/uploads/2020/09/oop-la-gi-1.webp 513w,https://itviec.com/blog/wp-content/uploads/2020/09/oop-la-gi-1-300x188.webp 300w,https://itviec.com/blog/wp-content/uploads/2020/09/oop-la-gi-1-200x125.webp 200w" data-lazy-sizes="(max-width: 513px) 100vw, 513px"><source srcset="https://itviec.com/blog/wp-content/uploads/2020/09/oop-la-gi-1.jpg 513w, https://itviec.com/blog/wp-content/uploads/2020/09/oop-la-gi-1-300x188.jpg 300w, https://itviec.com/blog/wp-content/uploads/2020/09/oop-la-gi-1-200x125.jpg 200w" type="image/jpeg" sizes="(max-width: 513px) 100vw, 513px" data-lazy-srcset="https://itviec.com/blog/wp-content/uploads/2020/09/oop-la-gi-1.jpg 513w, https://itviec.com/blog/wp-content/uploads/2020/09/oop-la-gi-1-300x188.jpg 300w, https://itviec.com/blog/wp-content/uploads/2020/09/oop-la-gi-1-200x125.jpg 200w" data-lazy-sizes="(max-width: 513px) 100vw, 513px"><img class="wp-image-19733 sp-no-webp entered lazyloaded" src="https://itviec.com/blog/wp-content/uploads/2020/09/oop-la-gi-1.jpg" sizes="(max-width: 513px) 100vw, 513px" srcset="https://itviec.com/blog/wp-content/uploads/2020/09/oop-la-gi-1.jpg 513w, https://itviec.com/blog/wp-content/uploads/2020/09/oop-la-gi-1-300x188.jpg 300w, https://itviec.com/blog/wp-content/uploads/2020/09/oop-la-gi-1-200x125.jpg 200w" alt="" width="513" height="321" data-lazy-src="https://itviec.com/blog/wp-content/uploads/2020/09/oop-la-gi-1.jpg" data-lazy-srcset="https://itviec.com/blog/wp-content/uploads/2020/09/oop-la-gi-1.jpg 513w, https://itviec.com/blog/wp-content/uploads/2020/09/oop-la-gi-1-300x188.jpg 300w, https://itviec.com/blog/wp-content/uploads/2020/09/oop-la-gi-1-200x125.jpg 200w" data-lazy-sizes="(max-width: 513px) 100vw, 513px" data-ll-status="loaded"></picture></figure>\r\n<p>T&iacute;nh đ&oacute;ng g&oacute;i cho ph&eacute;p che giấu th&ocirc;ng tin v&agrave; những t&iacute;nh chất xử l&yacute; b&ecirc;n trong của đối tượng. C&aacute;c đối tượng kh&aacute;c kh&ocirc;ng thể t&aacute;c động trực tiếp đến dữ liệu b&ecirc;n trong v&agrave; l&agrave;m thay đổi trạng th&aacute;i của đối tượng m&agrave; bắt buộc phải th&ocirc;ng qua c&aacute;c phương thức c&ocirc;ng khai do đối tượng đ&oacute; cung cấp.</p>\r\n<p>T&iacute;nh chất n&agrave;y gi&uacute;p tăng t&iacute;nh bảo mật cho đối tượng v&agrave; tr&aacute;nh t&igrave;nh trạng dữ liệu bị hư hỏng ngo&agrave;i &yacute; muốn.</p>\r\n<h3><strong>T&iacute;nh kế thừa (Inheritance)</strong></h3>\r\n<p>Đ&acirc;y l&agrave; t&iacute;nh chất được sử dụng kh&aacute; nhiều. T&iacute;nh kế thừa cho ph&eacute;p x&acirc;y dựng một lớp mới (lớp Con), kế thừa v&agrave; t&aacute;i sử dụng c&aacute;c thuộc t&iacute;nh, phương thức dựa tr&ecirc;n lớp cũ (lớp Cha) đ&atilde; c&oacute; trước đ&oacute;.&nbsp;</p>\r\n<p>C&aacute;c lớp Con kế thừa to&agrave;n bộ th&agrave;nh phần của lớp Cha v&agrave; kh&ocirc;ng cần phải định nghĩa lại. Lớp Con c&oacute; thể mở rộng c&aacute;c th&agrave;nh phần kế thừa hoặc bổ sung những th&agrave;nh phần mới.</p>\r\n<p>V&iacute; dụ:&nbsp;</p>\r\n<ul>\r\n<li>Lớp Cha l&agrave; smartphone, c&oacute; c&aacute;c thuộc t&iacute;nh: m&agrave;u sắc, bộ nhớ, hệ điều h&agrave;nh&hellip;</li>\r\n<li>C&aacute;c lớp Con l&agrave; iPhone, Samsung, Oppo cũng c&oacute; c&aacute;c thuộc t&iacute;nh: m&agrave;u sắc, bộ nhớ, hệ điều h&agrave;nh&hellip;</li>\r\n</ul>\r\n<h3><strong>T&iacute;nh đa h&igrave;nh (Polymorphism)</strong></h3>\r\n<p>T&iacute;nh đa h&igrave;nh trong lập tr&igrave;nh OOP cho ph&eacute;p c&aacute;c đối tượng kh&aacute;c nhau thực thi chức năng giống nhau theo những c&aacute;ch kh&aacute;c nhau.</p>\r\n<p>V&iacute; dụ:&nbsp;</p>\r\n<ul>\r\n<li>Ở lớp smartphone, mỗi một d&ograve;ng m&aacute;y đều kế thừa c&aacute;c th&agrave;nh phần của lớp cha nhưng iPhone chạy tr&ecirc;n hệ điều h&agrave;nh iOS, c&ograve;n Samsung lại chạy tr&ecirc;n hệ điều h&agrave;nh Android.</li>\r\n<li>Ch&oacute; v&agrave; m&egrave;o c&ugrave;ng nghe mệnh lệnh &ldquo;k&ecirc;u đi&rdquo; từ người chủ. Ch&oacute; sẽ &ldquo;g&acirc;u g&acirc;u&rdquo; c&ograve;n m&egrave;o lại k&ecirc;u &ldquo;meo meo&rdquo;.</li>\r\n</ul>\r\n<figure class="wp-block-image size-large"><picture class="wp-image-19734 sp-no-webp" data-lazy-srcset="https://itviec.com/blog/wp-content/uploads/2020/09/oop-la-gi-2.jpeg 638w, https://itviec.com/blog/wp-content/uploads/2020/09/oop-la-gi-2-300x169.jpeg 300w, https://itviec.com/blog/wp-content/uploads/2020/09/oop-la-gi-2-200x113.jpeg 200w" data-lazy-sizes="(max-width: 638px) 100vw, 638px"><source srcset="https://itviec.com/blog/wp-content/uploads/2020/09/oop-la-gi-2.webp 638w,https://itviec.com/blog/wp-content/uploads/2020/09/oop-la-gi-2-300x169.webp 300w,https://itviec.com/blog/wp-content/uploads/2020/09/oop-la-gi-2-200x113.webp 200w" type="image/webp" sizes="(max-width: 638px) 100vw, 638px" data-lazy-srcset="https://itviec.com/blog/wp-content/uploads/2020/09/oop-la-gi-2.webp 638w,https://itviec.com/blog/wp-content/uploads/2020/09/oop-la-gi-2-300x169.webp 300w,https://itviec.com/blog/wp-content/uploads/2020/09/oop-la-gi-2-200x113.webp 200w" data-lazy-sizes="(max-width: 638px) 100vw, 638px"><source srcset="https://itviec.com/blog/wp-content/uploads/2020/09/oop-la-gi-2.jpeg 638w, https://itviec.com/blog/wp-content/uploads/2020/09/oop-la-gi-2-300x169.jpeg 300w, https://itviec.com/blog/wp-content/uploads/2020/09/oop-la-gi-2-200x113.jpeg 200w" type="image/jpeg" sizes="(max-width: 638px) 100vw, 638px" data-lazy-srcset="https://itviec.com/blog/wp-content/uploads/2020/09/oop-la-gi-2.jpeg 638w, https://itviec.com/blog/wp-content/uploads/2020/09/oop-la-gi-2-300x169.jpeg 300w, https://itviec.com/blog/wp-content/uploads/2020/09/oop-la-gi-2-200x113.jpeg 200w" data-lazy-sizes="(max-width: 638px) 100vw, 638px"><img class="wp-image-19734 sp-no-webp entered lazyloaded" src="https://itviec.com/blog/wp-content/uploads/2020/09/oop-la-gi-2.jpeg" sizes="(max-width: 638px) 100vw, 638px" srcset="https://itviec.com/blog/wp-content/uploads/2020/09/oop-la-gi-2.jpeg 638w, https://itviec.com/blog/wp-content/uploads/2020/09/oop-la-gi-2-300x169.jpeg 300w, https://itviec.com/blog/wp-content/uploads/2020/09/oop-la-gi-2-200x113.jpeg 200w" alt="" width="638" height="359" data-lazy-src="https://itviec.com/blog/wp-content/uploads/2020/09/oop-la-gi-2.jpeg" data-lazy-srcset="https://itviec.com/blog/wp-content/uploads/2020/09/oop-la-gi-2.jpeg 638w, https://itviec.com/blog/wp-content/uploads/2020/09/oop-la-gi-2-300x169.jpeg 300w, https://itviec.com/blog/wp-content/uploads/2020/09/oop-la-gi-2-200x113.jpeg 200w" data-lazy-sizes="(max-width: 638px) 100vw, 638px" data-ll-status="loaded"></picture></figure>\r\n<h3><strong>T&iacute;nh trừu tượng (Abstraction)</strong></h3>\r\n<p>T&iacute;nh trừu tượng gi&uacute;p loại bỏ những thứ phức tạp, kh&ocirc;ng cần thiết của đối tượng v&agrave; chỉ tập trung v&agrave;o những g&igrave; cốt l&otilde;i, quan trọng.</p>\r\n<p>V&iacute; dụ: Quản l&yacute; nh&acirc;n vi&ecirc;n th&igrave; chỉ cần quan t&acirc;m đến những th&ocirc;ng tin như:</p>\r\n<ul>\r\n<li>Họ t&ecirc;n</li>\r\n<li>Ng&agrave;y sinh</li>\r\n<li>Giới t&iacute;nh</li>\r\n<li>&hellip;</li>\r\n</ul>\r\n<p>Chứ kh&ocirc;ng cần phải quản l&yacute; th&ecirc;m th&ocirc;ng tin về:</p>\r\n<ul>\r\n<li>Chiều cao</li>\r\n<li>C&acirc;n nặng</li>\r\n<li>Sở th&iacute;ch</li>\r\n<li>M&agrave;u da</li>\r\n<li>&hellip;</li>\r\n</ul>\r\n<h2><span id="Nhung_ngon_ngu_OOP_pho_bien_nhat"><strong>Những ng&ocirc;n ngữ OOP phổ biến nhất</strong></span></h2>\r\n<h4><strong>Java</strong></h4>\r\n<p>Java l&agrave; ng&ocirc;n ngữ lập tr&igrave;nh hướng đối tượng (OOP), đa mục đ&iacute;ch v&agrave; độc lập nền tảng. Thay v&igrave; bi&ecirc;n dịch m&atilde; nguồn th&agrave;nh m&atilde; m&aacute;y tr&ecirc;n nền tảng cụ thể, code Java được bi&ecirc;n dịch th&agrave;nh bytecode &ndash; một định dạng trung gian. Bytecode sau đ&oacute; sẽ được chạy bởi m&ocirc;i trường thực thi (runtime environment).</p>\r\n<p>Code Java &ldquo;viết một lần, chạy mọi nơi&rdquo; n&ecirc;n kh&aacute; l&yacute; tưởng cho những người mới t&igrave;m hiểu.</p>\r\n<blockquote class="wp-block-quote">\r\n<p>Tham khảo:&nbsp;<a href="https://itviec.com/blog/hoc-lap-trinh-java/" target="_blank" rel="noreferrer noopener">12 t&agrave;i liệu học lập tr&igrave;nh Java chọn lọc</a></p>\r\n</blockquote>\r\n<h4><strong>C++</strong></h4>\r\n<p>L&agrave; một ng&ocirc;n ngữ lập tr&igrave;nh hướng đối tượng được ph&aacute;t triển bởi Bjarne Stroustrup nhưng C++ mang cả 2 phong c&aacute;ch: lập tr&igrave;nh hướng cấu tr&uacute;c giống C v&agrave; c&oacute; th&ecirc;m phong c&aacute;ch hướng đối tượng. Nếu đ&atilde; quen với lập tr&igrave;nh hướng cấu tr&uacute;c trước đ&oacute; th&igrave; việc học C++ kh&ocirc;ng phải l&agrave; điều qu&aacute; kh&oacute; khăn.</p>\r\n<blockquote class="wp-block-quote">\r\n<p>Tham khảo:&nbsp;<a href="https://itviec.com/blog/lap-trinh-c/" target="_blank" rel="noreferrer noopener">T&agrave;i liệu học C++ ho&agrave;n to&agrave;n miễn ph&iacute;</a></p>\r\n</blockquote>\r\n<h4><strong>PHP</strong></h4>\r\n<p>PHP l&agrave; ng&ocirc;n ngữ lập tr&igrave;nh đa mục đ&iacute;ch, được rất nhiều Developer sử dụng. Đ&acirc;y l&agrave; ng&ocirc;n ngữ kịch bản m&atilde; nguồn mở, chạy ở ph&iacute;a server v&agrave; được d&ugrave;ng để tạo ra c&aacute;c ứng dụng web.</p>\r\n<blockquote class="wp-block-quote">\r\n<p>Tham khảo:&nbsp;<a href="https://itviec.com/blog/11-sach-hoc-lap-trinh-php/" target="_blank" rel="noreferrer noopener">10+ s&aacute;ch lập tr&igrave;nh PHP hay nhất mọi cấp độ</a></p>\r\n</blockquote>\r\n<h4><strong>JavaScript</strong></h4>\r\n<p>JavaScript l&agrave; ng&ocirc;n ngữ lập tr&igrave;nh được sử dụng trong việc x&acirc;y dựng c&aacute;c website c&oacute; t&iacute;nh tương t&aacute;c cao, với mức độ phổ biến được xếp hạng bậc nhất. Học JavaScript kh&aacute; dễ d&agrave;ng v&agrave; đặc biệt ph&ugrave; hợp cho những developer mới bắt đầu học lập tr&igrave;nh.</p>\r\n<blockquote class="wp-block-quote">\r\n<p>Tham khảo:&nbsp;<a href="https://itviec.com/blog/tai-lieu-javascript/" target="_blank" rel="noreferrer noopener">20+ t&agrave;i liệu học JavaScript hay nhất hiện nay</a></p>\r\n</blockquote>\r\n<h4><strong>Python</strong></h4>\r\n<p>Python l&agrave; ng&ocirc;n ngữ lập tr&igrave;nh hướng đối tượng bậc cao, d&ugrave;ng để ph&aacute;t triển website v&agrave; nhiều ứng dụng kh&aacute;c nhau. Python được tạo ra bởi Guido van Rossum v&agrave; được ph&aacute;t triển trong một dự &aacute;n m&atilde; mở (open source).</p>\r\n<p>Với c&uacute; ph&aacute;p cực k&igrave; đơn giản v&agrave; thanh lịch, Python l&agrave; lựa chọn ho&agrave;n hảo cho những ai lần đầu ti&ecirc;n học lập tr&igrave;nh.&nbsp;</p>\r\n<blockquote class="wp-block-quote">\r\n<p>Tham khảo:&nbsp;<a href="https://itviec.com/blog/tai-lieu-lap-trinh-python/" target="_blank" rel="noreferrer noopener">20 t&agrave;i liệu lập tr&igrave;nh Python từ cơ bản đến n&acirc;ng cao</a></p>\r\n</blockquote>\r\n<div class="wp-block-image">\r\n<figure class="aligncenter"><picture class="wp-image-5668 sp-no-webp" data-lazy-srcset="https://itviec.com/blog/wp-content/uploads/2015/07/Robby2-200x200.png 200w, https://itviec.com/blog/wp-content/uploads/2015/07/Robby2-60x60.png 60w, https://itviec.com/blog/wp-content/uploads/2015/07/Robby2.png 300w" data-lazy-sizes="(max-width: 200px) 100vw, 200px"><source srcset="https://itviec.com/blog/wp-content/uploads/2015/07/Robby2-200x200.webp 200w,https://itviec.com/blog/wp-content/uploads/2015/07/Robby2-60x60.webp 60w,https://itviec.com/blog/wp-content/uploads/2015/07/Robby2.webp 300w" type="image/webp" sizes="(max-width: 200px) 100vw, 200px" data-lazy-srcset="https://itviec.com/blog/wp-content/uploads/2015/07/Robby2-200x200.webp 200w,https://itviec.com/blog/wp-content/uploads/2015/07/Robby2-60x60.webp 60w,https://itviec.com/blog/wp-content/uploads/2015/07/Robby2.webp 300w" data-lazy-sizes="(max-width: 200px) 100vw, 200px"><source srcset="https://itviec.com/blog/wp-content/uploads/2015/07/Robby2-200x200.png 200w, https://itviec.com/blog/wp-content/uploads/2015/07/Robby2-60x60.png 60w, https://itviec.com/blog/wp-content/uploads/2015/07/Robby2.png 300w" type="image/png" sizes="(max-width: 200px) 100vw, 200px" data-lazy-srcset="https://itviec.com/blog/wp-content/uploads/2015/07/Robby2-200x200.png 200w, https://itviec.com/blog/wp-content/uploads/2015/07/Robby2-60x60.png 60w, https://itviec.com/blog/wp-content/uploads/2015/07/Robby2.png 300w" data-lazy-sizes="(max-width: 200px) 100vw, 200px"><img class="wp-image-5668 sp-no-webp entered lazyloaded" src="https://itviec.com/blog/wp-content/uploads/2015/07/Robby2-200x200.png" sizes="(max-width: 200px) 100vw, 200px" srcset="https://itviec.com/blog/wp-content/uploads/2015/07/Robby2-200x200.png 200w, https://itviec.com/blog/wp-content/uploads/2015/07/Robby2-60x60.png 60w, https://itviec.com/blog/wp-content/uploads/2015/07/Robby2.png 300w" alt="Robby2" width="200" height="200" data-lazy-src="//itviec.com/blog/wp-content/uploads/2015/07/Robby2-200x200.png" data-lazy-srcset="https://itviec.com/blog/wp-content/uploads/2015/07/Robby2-200x200.png 200w, https://itviec.com/blog/wp-content/uploads/2015/07/Robby2-60x60.png 60w, https://itviec.com/blog/wp-content/uploads/2015/07/Robby2.png 300w" data-lazy-sizes="(max-width: 200px) 100vw, 200px" data-ll-status="loaded"></picture></figure>\r\n</div>\r\n<p><strong>Bạn thấy b&agrave;i viết hay v&agrave; cần thiết với nhiều người? Đừng ngại nhấn n&uacute;t Share b&ecirc;n dưới nh&eacute;.</strong></p>', 'https://itviec.com/blog/wp-content/uploads/2020/09/oop-la-gi-fi.webp', 'Thủ thuật,LT,', NULL, 1, '2022-12-22 21:56:35', '2022-12-24 17:08:31', 1, 1, 'oop-la-gi-4-dac-tinh-co-ban-cua-oop'),
	(28, '[Bài 2]: Các thẻ tag mới trong HTML5', '<p>fsdgg3412</p>', 'https://img.freepik.com/premium-vector/comic-youtube-thumbnail-background-comic-style_530597-997.jpg?w=2000', '10', NULL, 1, '2022-12-22 21:57:53', '2022-12-23 01:44:53', 1, 1, '-bai-2-cac-the-tag-moi-trong-html5'),
	(29, 'Cách chụp ảnh màn hình máy tính trên Windows 10', '<p>214f sdf sdfsdf</p>', 'https://img.freepik.com/premium-vector/comic-youtube-thumbnail-background-comic-style_530597-997.jpg?w=2000', 'Laravel,Vip Pro,', NULL, 1, '2022-12-22 21:58:34', '2022-12-23 20:38:57', 1, 0, 'cach-chup-anh-man-hinh-may-tinh-tren-windows-10'),
	(30, 'Review Công ty RevoTech - Nơi gắn kết tinh thần đồng đội', '<h3 id="toc-1-tam-nhin-su-menh"><strong>1, Tầm nh&igrave;n - Sứ mệnh</strong></h3>\r\n<p>Nhằm hướng tới mục ti&ecirc;u trở th&agrave;nh một c&ocirc;ng ty h&agrave;ng đầu cung cấp c&aacute;c sản phẩm, dịch vụ chất lượng cao trong lĩnh vực c&ocirc;ng nghệ th&ocirc;ng tin tại Việt Nam,&nbsp;<strong>RevoTech&nbsp;</strong>khẳng định sứ mệnh:</p>\r\n<ul>\r\n<li>Cung cấp nguồn nh&acirc;n lực chất lượng cao, tối ưu chi ph&iacute; trong lĩnh vực gia c&ocirc;ng phần mềm;</li>\r\n<li>Ứng dụng c&aacute;c c&ocirc;ng nghệ mới nhất ti&ecirc;n tiến nhất trong c&aacute;c sản phẩm, dịch vụ CNTT nhằm thỏa m&atilde;n tối đa nhu cầu của kh&aacute;ch h&agrave;ng;</li>\r\n<li>Định hướng, đ&agrave;o tạo v&agrave; tạo m&ocirc;i trường l&agrave;m việc th&acirc;n thiện cho nh&acirc;n vi&ecirc;n.</li>\r\n</ul>\r\n<h3 id="toc-2-gia-tri-cot-loi"><strong>2, Gi&aacute; trị cốt l&otilde;i</strong></h3>\r\n<p><strong>RevoTech</strong>&nbsp;lu&ocirc;n theo đuổi những nguy&ecirc;n tắc v&agrave; gi&aacute; trị cốt l&otilde;i sau trong qu&aacute; tr&igrave;nh hoạt động của m&igrave;nh:</p>\r\n<ul>\r\n<li>&nbsp;Lu&ocirc;n đặt lợi &iacute;ch của kh&aacute;ch h&agrave;ng l&ecirc;n tr&ecirc;n hết;</li>\r\n<li>&nbsp;Cam kết về chất lượng v&agrave; tiến độ;</li>\r\n<li>&nbsp;Dịch vụ chuy&ecirc;n nghiệp;</li>\r\n<li>&nbsp;Quan hệ đối t&aacute;c bền vững, l&acirc;u d&agrave;i;</li>\r\n<li>&nbsp;Đầu tư mạnh mẽ v&agrave;o ph&aacute;t triển nguồn nh&acirc;n lực.</li>\r\n</ul>\r\n<h3 id="toc-3-van-hoa-doanh-nghiep"><br><strong>3, Văn h&oacute;a doanh nghiệp</strong></h3>\r\n<p>Trở th&agrave;nh members của&nbsp;<strong>RevoTech</strong>, bạn sẽ được tham gia những hoạt động văn ho&aacute; như: Du xu&acirc;n; Du lịch h&egrave;; Teambuilding h&agrave;ng qu&yacute;; Li&ecirc;n hoan sinh nhật cho CBNV h&agrave;ng th&aacute;ng; Cuộc thi Bi - lắc cấp c&ocirc;ng ty;...</p>\r\n<p>&nbsp;</p>\r\n<p><img src="https://lh5.googleusercontent.com/Vrg6lJJJqQQXjnXVfzZtyWBoy_UP2V-n7sKBRox-1YbYr6I3H-8e2xMEVpev-L9UlnMKWYM-s4T_kbOr8sopJWVzgpjKxoGsy-e18pfSOhWWHRD9ET1hJKziI4_IgIqS6QG5DtlH5jb7Yza6jMNIJWratmqwG5TVwiEc5JnkKw0IubS8bgM3PARfqUDl"></p>\r\n<p><em>Hoạt động Du lịch h&egrave; h&agrave;ng năm kết nối c&aacute;c th&agrave;nh vi&ecirc;n của RevoTech</em></p>\r\n<p><em><img src="https://lh5.googleusercontent.com/TvSyMMQWtojVIZhoPs_Zr5d2z2_FMsZRp2-DZhr5C59kmXlv6YxFzl-9YeTqET0xcoLuOYkIpZSO5Rhn6HddYPE8gZAcNW7JAyCDU0tgs4YnPUEPCSDT5U8LudGZ836Ryk5FYthqG2oHDf8P5ewslbNDDiPVbQ2iRYrjLwx6L5aOPp4S8p3MkjxeuVo0"></em></p>\r\n<p><em>Hoạt động Teambuilding h&agrave;ng qu&yacute; gắn kết tinh thần đồng đội</em></p>\r\n<p><em><img src="https://lh4.googleusercontent.com/CuyRx6NeIJHw7QAhT8rhIbzhx45PsWNR6UsHD8YYrnqMNbAmsokt0YPx_uSnBFqBWcCPMxjZoz3FSKWwIDlnSEu1yzaaRT6ZAa54gY-IDMyZDSka4XJcgQMClUssl-cahg4kwPAfsh5guk8PCHaz2MuENNXL0p5iQ8CmFR4G7vjOkYWoDYIdAvhiZi_Z"></em></p>\r\n<p><em>Cuộc thi Bi - lắc cấp c&ocirc;ng ty diễn ra th&aacute;ng 6/2022</em></p>\r\n<p><em><img src="https://lh3.googleusercontent.com/dXEz2_iW4fvhDcmZ6VB1_uywkupzyC6NzFBrfVHnOER-pWy05KP7awIpEdMwUAf0vN7frS3z2V_cYLbpgOtgQFzvFc92yB1kCUuV-1O5SRoBvdwIEG6KSuc7-FQBkRdeWnTkw9IF6hIBMNYJ_3KOJzWd5DhBX_b4IZ4pZ4ggxO6N2XkeTDTodWV2aeR7"></em></p>\r\n<p><em>Tổ chức sinh nhật cho CBNV h&agrave;ng th&aacute;ng</em></p>\r\n<h3 id="toc-4-che-do-dai-ngo-va-chinh-sach"><br><strong>4, Chế độ đ&atilde;i ngộ v&agrave; ch&iacute;nh s&aacute;ch</strong></h3>\r\n<p>Khi gia nhập&nbsp;<strong>RevoTech</strong>, bạn sẽ nhận được những quyền lợi v&agrave; đ&atilde;i ngộ hấp dẫn như:</p>\r\n<ul>\r\n<li>Review tăng lương 2 lần/năm;&nbsp;</li>\r\n<li>Thưởng dự &aacute;n, thưởng c&aacute;c ng&agrave;y lễ, tết, lương th&aacute;ng thứ 13;</li>\r\n<li>C&oacute; năng lực sẽ được đ&aacute;nh gi&aacute; ngay;</li>\r\n<li>Trợ cấp thai sản cho nh&acirc;n vi&ecirc;n nữ;</li>\r\n<li>Tham gia đầy đủ c&aacute;c chế độ BHXH, BHYT,...&nbsp;</li>\r\n<li>Được nghỉ ph&eacute;p 12 ng&agrave;y ph&eacute;p/ năm;</li>\r\n<li>Được hỗ trợ cấp ph&aacute;t sổ b&uacute;t, cốc uống nước c&aacute; nh&acirc;n, chăn gối v&agrave; chỗ ngủ trưa thoải m&aacute;i;</li>\r\n<li>C&oacute; b&aacute;nh, tr&agrave;, cafe phục vụ h&agrave;ng ng&agrave;y.</li>\r\n</ul>\r\n<h3 id="toc-5-moi-truong-lam-viec"><br><strong>5, M&ocirc;i trường l&agrave;m việc</strong></h3>\r\n<p>Với kim chỉ nam&nbsp;<em><strong>&ldquo;Niềm tin l&agrave; tất cả&rdquo; - Tr&acirc;n qu&yacute; niềm tin của kh&aacute;ch h&agrave;ng gửi gắm</strong></em>, đội ngũ nh&acirc;n sự&nbsp;<strong>RevoTech</strong>&nbsp;nỗ lực h&agrave;ng ng&agrave;y nhằm x&acirc;y dựng một m&ocirc;i trường văn h&oacute;a đo&agrave;n kết, năng động, &aacute;p dụng những c&ocirc;ng nghệ mới, c&aacute;ch l&agrave;m mới để phục vụ kh&aacute;ch h&agrave;ng tốt hơn, chất lượng sản phẩm ho&agrave;n hảo hơn.</p>\r\n<p>Gia nhập&nbsp;<strong>RevoTech</strong>, bạn sẽ được l&agrave;m việc trong m&ocirc;i trường chuy&ecirc;n nghiệp, năng động, c&oacute; cơ hội l&agrave;m việc nh&oacute;m với nhiều chuy&ecirc;n gia h&agrave;ng đầu trong lĩnh vực CNTT. Đ&acirc;y l&agrave; nơi c&aacute;c ứng vi&ecirc;n được học hỏi, đ&agrave;o tạo, thỏa sức s&aacute;ng tạo, định hướng lộ tr&igrave;nh thăng tiến.</p>\r\n<p>Với m&ocirc;i trường văn ho&aacute; đo&agrave;n kết, năng động, chế độ đ&atilde;i ngộ v&agrave; lương thưởng hấp dẫn,&nbsp;<strong>RevoTech</strong>&nbsp;lu&ocirc;n mở rộng c&aacute;nh cửa ch&agrave;o đ&oacute;n những ứng vi&ecirc;n tiềm năng. Đừng bỏ lỡ cơ hội ph&aacute;t triển bản th&acirc;n v&agrave; khởi sắc sự nghiệp tại đ&acirc;y nh&eacute;! Hoan ngh&ecirc;nh bạn đến với đại gia đ&igrave;nh&nbsp;<strong>RevoTech</strong>!</p>', 'https://img.freepik.com/premium-vector/comic-youtube-thumbnail-background-comic-style_530597-997.jpg?w=2000', 'Review,', NULL, 1, '2022-12-23 01:43:31', '2022-12-23 20:40:12', 1, 0, 'review-cong-ty-revotech-noi-gan-ket-tinh-than-dong-doi'),
	(32, 'Selenium testing là gì? Các thành phần cơ bản và cách kiểm thử tự động hiệu quả với Selenium', '<p><strong><em>Selenium l&agrave; framework miễn ph&iacute; để thực hiện&nbsp;<a href="https://itviec.com/blog/automation-test?utm_source=blog_14122022&amp;utm_medium=anchor_text&amp;utm_campaign=daily" target="_blank" rel="noopener">automation testing</a>&nbsp;&ndash; tự động ho&aacute; c&aacute;c thao t&aacute;c nh&agrave;m ch&aacute;n trong qu&aacute; tr&igrave;nh kiểm thử phần mềm. Vậy tr&ecirc;n thực tế, Selenium c&oacute; hiệu quả trong mọi kịch bản testing? T&igrave;m hiểu kiến thức nền tảng v&agrave; kinh nghiệm sử dụng Selenium để &aacute;p dụng th&ocirc;ng minh việc kiểm thử tự động v&agrave;o quy tr&igrave;nh của bạn.</em></strong></p>\r\n<h2><span id="Selenium_la_gi_Dung_de_lam_gi"><strong>Selenium l&agrave; g&igrave;? D&ugrave;ng để l&agrave;m g&igrave;?</strong></span></h2>\r\n<p>Để hiểu hơn về mục đ&iacute;ch ra đời của Selenium, trước hết h&atilde;y ph&acirc;n t&iacute;ch về Manual testing (Kiểm thử thủ c&ocirc;ng) truyền thống.&nbsp;</p>\r\n<h3><strong>Những th&aacute;ch thức đối với Manual testing</strong></h3>\r\n<p><strong>Manual testing</strong>&nbsp;c&oacute; ưu điểm l&agrave; c&oacute; thể chạy test với bất kỳ ứng dụng n&agrave;o. C&aacute;ch l&agrave;m l&agrave;: Tester chạy test thủ c&ocirc;ng v&agrave; so s&aacute;nh kết quả thực tế với kết quả mong muốn. Bất kỳ sự kh&aacute;c biệt n&agrave;o sẽ được coi l&agrave; bug v&agrave; cần được fix ngay. Sau đ&oacute;, tester tiếp tục chạy test lại để đảm bảo ứng dụng ho&agrave;n to&agrave;n kh&ocirc;ng c&oacute; lỗi.</p>\r\n<p>C&aacute;ch l&agrave;m n&agrave;y c&oacute; những hạn chế, một v&agrave;i trong số đ&oacute; l&agrave;:</p>\r\n<ul>\r\n<li aria-level="1">Tốn nhiều thời gian</li>\r\n<li aria-level="1">Khả năng sai s&oacute;t cao</li>\r\n<li aria-level="1">Cần c&oacute; sự hiện diện 24/7 của tester</li>\r\n<li aria-level="1">Phải tạo nhật k&yacute; test theo c&aacute;ch thủ c&ocirc;ng</li>\r\n<li aria-level="1">Phạm vi hạn chế</li>\r\n</ul>\r\n<p>Những th&aacute;ch thức đối với Manual testing đ&atilde; dẫn đến nhu cầu tự động ho&aacute; quy tr&igrave;nh kiểm thử (automation testing).</p>\r\n<blockquote>\r\n<p><strong>Kh&aacute;m ph&aacute;&nbsp;<a href="https://itviec.com/viec-lam-it/automation-test?utm_source=blog_14122022&amp;utm_medium=anchor_text&amp;utm_campaign=daily" target="_blank" rel="noopener">việc l&agrave;m Automation test</a>&nbsp;&ldquo;chất&rdquo; tr&ecirc;n ITviec</strong></p>\r\n</blockquote>\r\n<p><picture class="aligncenter size-full wp-image-26064 sp-no-webp" data-lazy-srcset="https://itviec.com/blog/wp-content/uploads/2022/12/1-2.jpg 640w, https://itviec.com/blog/wp-content/uploads/2022/12/1-2-300x129.jpg 300w, https://itviec.com/blog/wp-content/uploads/2022/12/1-2-200x86.jpg 200w, https://itviec.com/blog/wp-content/uploads/2022/12/1-2-100x43.jpg 100w" data-lazy-sizes="(max-width: 1748px) 100vw, 1748px"><source srcset="https://itviec.com/blog/wp-content/uploads/2022/12/1-2.webp 640w,https://itviec.com/blog/wp-content/uploads/2022/12/1-2-300x129.webp 300w,https://itviec.com/blog/wp-content/uploads/2022/12/1-2-200x86.webp 200w,https://itviec.com/blog/wp-content/uploads/2022/12/1-2-100x43.webp 100w" type="image/webp" sizes="(max-width: 1748px) 100vw, 1748px" data-lazy-srcset="https://itviec.com/blog/wp-content/uploads/2022/12/1-2.webp 640w,https://itviec.com/blog/wp-content/uploads/2022/12/1-2-300x129.webp 300w,https://itviec.com/blog/wp-content/uploads/2022/12/1-2-200x86.webp 200w,https://itviec.com/blog/wp-content/uploads/2022/12/1-2-100x43.webp 100w" data-lazy-sizes="(max-width: 1748px) 100vw, 1748px"><source srcset="https://itviec.com/blog/wp-content/uploads/2022/12/1-2.jpg 640w, https://itviec.com/blog/wp-content/uploads/2022/12/1-2-300x129.jpg 300w, https://itviec.com/blog/wp-content/uploads/2022/12/1-2-200x86.jpg 200w, https://itviec.com/blog/wp-content/uploads/2022/12/1-2-100x43.jpg 100w" type="image/jpeg" sizes="(max-width: 1748px) 100vw, 1748px" data-lazy-srcset="https://itviec.com/blog/wp-content/uploads/2022/12/1-2.jpg 640w, https://itviec.com/blog/wp-content/uploads/2022/12/1-2-300x129.jpg 300w, https://itviec.com/blog/wp-content/uploads/2022/12/1-2-200x86.jpg 200w, https://itviec.com/blog/wp-content/uploads/2022/12/1-2-100x43.jpg 100w" data-lazy-sizes="(max-width: 1748px) 100vw, 1748px"><img class="aligncenter size-full wp-image-26064 sp-no-webp entered lazyloaded" src="https://itviec.com/blog/wp-content/uploads/2022/12/1-2.jpg" sizes="(max-width: 1748px) 100vw, 1748px" srcset="https://itviec.com/blog/wp-content/uploads/2022/12/1-2.jpg 640w, https://itviec.com/blog/wp-content/uploads/2022/12/1-2-300x129.jpg 300w, https://itviec.com/blog/wp-content/uploads/2022/12/1-2-200x86.jpg 200w, https://itviec.com/blog/wp-content/uploads/2022/12/1-2-100x43.jpg 100w" alt="selenium-la-gi-automation-testing" width="1748" height="750" data-lazy-src="https://itviec.com/blog/wp-content/uploads/2022/12/1-2.jpg" data-lazy-srcset="https://itviec.com/blog/wp-content/uploads/2022/12/1-2.jpg 640w, https://itviec.com/blog/wp-content/uploads/2022/12/1-2-300x129.jpg 300w, https://itviec.com/blog/wp-content/uploads/2022/12/1-2-200x86.jpg 200w, https://itviec.com/blog/wp-content/uploads/2022/12/1-2-100x43.jpg 100w" data-lazy-sizes="(max-width: 1748px) 100vw, 1748px" data-ll-status="loaded"></picture></p>\r\n<p><em>So s&aacute;nh ưu &ndash; nhược điểm của Manual Testing vs Automation Testing.&nbsp;</em></p>\r\n<h3><strong>Sự ra đời của Selenium&nbsp;</strong></h3>\r\n<p>Năm 2004, Jason Huggins, một kỹ sư tại ThoughtWorks đ&atilde; ph&aacute;t triển một chương tr&igrave;nh JavaScript để tự động h&oacute;a việc testing ứng dụng web, gọi l&agrave;&nbsp;<a href="https://www.selenium.dev/history/" target="_blank" rel="noopener"><strong>JavaScriptTestRunner</strong></a>. Ban đầu, ph&aacute;t minh n&agrave;y chỉ được triển khai bởi c&aacute;c nh&acirc;n vi&ecirc;n tại Thoughtworks. Sau đ&oacute; n&oacute; được đổi t&ecirc;n th&agrave;nh Selenium v&agrave; trở th&agrave;nh một m&atilde; nguồn mở. Cho đến nay, Selenium đ&atilde; trở th&agrave;nh một trong những framework để thực hiện automation testing (kiểm thử tự động) mạnh mẽ v&agrave; linh hoạt nhất.</p>\r\n<p>Vậy h&atilde;y c&ugrave;ng t&igrave;m hiểu kĩ hơn Selenium l&agrave; g&igrave;.</p>\r\n<h3><strong>Selenium l&agrave; g&igrave;? C&oacute; phải chỉ d&ugrave;ng cho testing?</strong></h3>\r\n<p>Selenium l&agrave; bộ c&ocirc;ng cụ kiểm thử tự động c&aacute;c ứng dụng nền web, dưới dạng m&atilde; nguồn mở miễn ph&iacute;. Selenium hỗ trợ kiểm thử tự động bằng nhiều ng&ocirc;n ngữ lập tr&igrave;nh kh&aacute;c nhau, tr&ecirc;n c&aacute;c tr&igrave;nh duyệt v&agrave; hệ điều h&agrave;nh kh&aacute;c nhau.</p>\r\n<ul>\r\n<li><strong>C&aacute;ch hoạt động của Selenium l&agrave; g&igrave;?&nbsp;</strong>Selenium hoạt động bằng c&aacute;ch m&ocirc; phỏng c&aacute;c thao t&aacute;c của người d&ugrave;ng tr&ecirc;n web page hoặc web element. Khi viết test bằng Selenium, tester chỉ định c&aacute;c h&agrave;nh động m&agrave; họ muốn người d&ugrave;ng thực hiện, Selenium sẽ tự động thực thi c&aacute;c h&agrave;nh động đ&oacute; tr&ecirc;n tr&igrave;nh duyệt.</li>\r\n</ul>\r\n<blockquote>\r\n<p>V&iacute; dụ: Nếu cần kiểm tra chức năng đăng nhập, tester sẽ chỉ định c&aacute;c thao t&aacute;c như nhập t&ecirc;n người d&ugrave;ng, nhập mật khẩu v&agrave;o c&aacute;c trường th&iacute;ch hợp v&agrave; nhấp v&agrave;o n&uacute;t đăng nhập. Selenium sẽ tự động thực thi c&aacute;c h&agrave;nh động đ&oacute; tr&ecirc;n tr&igrave;nh duyệt v&agrave; b&aacute;o c&aacute;o nếu c&oacute; lỗi xảy ra.</p>\r\n</blockquote>\r\n<ul>\r\n<li><strong>Selenium c&oacute; phải chỉ d&ugrave;ng cho testing?</strong></li>\r\n</ul>\r\n<p>Selenium được d&ugrave;ng chủ yếu cho mục đ&iacute;ch kiểm thử tự động, nhưng kh&ocirc;ng chỉ giới hạn ở đ&oacute;. C&aacute;c t&aacute;c vụ quản trị web lặp lại nh&agrave;m ch&aacute;n cũng c&oacute; thể (v&agrave; n&ecirc;n) được tự động h&oacute;a bằng Selenium.&nbsp;</p>\r\n<p>Bản chất của việc ứng dụng Selenium kh&ocirc;ng phải dựa tr&ecirc;n t&iacute;nh x&aacute;c thực, m&agrave; l&agrave; sự tương t&aacute;c. Nếu bạn cần m&ocirc; phỏng tương t&aacute;c của một người d&ugrave;ng thực tế sử dụng tr&igrave;nh duyệt, h&atilde;y thử triển khai bằng Selenium.&nbsp;</p>\r\n<blockquote>\r\n<p><strong>Kh&aacute;m ph&aacute;&nbsp;<a href="https://itviec.com/viec-lam-it/tester/ho-chi-minh-hcm?utm_source=blog_14122022&amp;utm_medium=anchor_text&amp;utm_campaign=daily" target="_blank" rel="noopener">việc l&agrave;m Tester TPHCM&nbsp;</a>&ldquo;chất&rdquo;&nbsp;</strong></p>\r\n<p><strong>Kh&aacute;m ph&aacute;&nbsp;<a href="https://itviec.com/viec-lam-it/tester/ha-noi?utm_source=blog_14122022&amp;utm_medium=anchor_text&amp;utm_campaign=daily" target="_blank" rel="noopener">việc l&agrave;m Tester H&agrave; Nội</a>&nbsp;&ldquo;chất&rdquo;</strong></p>\r\n</blockquote>\r\n<h2><span id="4_thanh_phan_chinh_cua_Selenium_la_gi"><strong>4 th&agrave;nh phần ch&iacute;nh của Selenium l&agrave; g&igrave;?</strong></span></h2>\r\n<p>Selenium kh&ocirc;ng chỉ l&agrave; một c&ocirc;ng cụ đơn lẻ, m&agrave; l&agrave; một tập hợp c&aacute;c c&ocirc;ng cụ được tối ưu cho c&aacute;c nhu cầu kiểm thử tự động kh&aacute;c nhau, đ&aacute;p ứng nhiều mục đ&iacute;ch sử dụng kh&aacute;c nhau.</p>\r\n<ul>\r\n<li><strong>Selenium gồm c&oacute; 4 th&agrave;nh phần sau:</strong></li>\r\n</ul>\r\n<p>+ Selenium IDE (M&ocirc;i trường ph&aacute;t triển t&iacute;ch hợp Selenium).</p>\r\n<p>+ Selenium Remote Control (Selenium RC).</p>\r\n<p>+ WebDriver.</p>\r\n<p>+ Selenium Grid.</p>\r\n<p><picture class="aligncenter size-full wp-image-26066 sp-no-webp" data-lazy-srcset="https://itviec.com/blog/wp-content/uploads/2022/12/2-2.jpg 640w, https://itviec.com/blog/wp-content/uploads/2022/12/2-2-300x166.jpg 300w, https://itviec.com/blog/wp-content/uploads/2022/12/2-2-200x111.jpg 200w, https://itviec.com/blog/wp-content/uploads/2022/12/2-2-100x55.jpg 100w" data-lazy-sizes="(max-width: 1574px) 100vw, 1574px"><source srcset="https://itviec.com/blog/wp-content/uploads/2022/12/2-2.webp 640w,https://itviec.com/blog/wp-content/uploads/2022/12/2-2-300x166.webp 300w,https://itviec.com/blog/wp-content/uploads/2022/12/2-2-200x111.webp 200w,https://itviec.com/blog/wp-content/uploads/2022/12/2-2-100x55.webp 100w" type="image/webp" sizes="(max-width: 1574px) 100vw, 1574px" data-lazy-srcset="https://itviec.com/blog/wp-content/uploads/2022/12/2-2.webp 640w,https://itviec.com/blog/wp-content/uploads/2022/12/2-2-300x166.webp 300w,https://itviec.com/blog/wp-content/uploads/2022/12/2-2-200x111.webp 200w,https://itviec.com/blog/wp-content/uploads/2022/12/2-2-100x55.webp 100w" data-lazy-sizes="(max-width: 1574px) 100vw, 1574px"><source srcset="https://itviec.com/blog/wp-content/uploads/2022/12/2-2.jpg 640w, https://itviec.com/blog/wp-content/uploads/2022/12/2-2-300x166.jpg 300w, https://itviec.com/blog/wp-content/uploads/2022/12/2-2-200x111.jpg 200w, https://itviec.com/blog/wp-content/uploads/2022/12/2-2-100x55.jpg 100w" type="image/jpeg" sizes="(max-width: 1574px) 100vw, 1574px" data-lazy-srcset="https://itviec.com/blog/wp-content/uploads/2022/12/2-2.jpg 640w, https://itviec.com/blog/wp-content/uploads/2022/12/2-2-300x166.jpg 300w, https://itviec.com/blog/wp-content/uploads/2022/12/2-2-200x111.jpg 200w, https://itviec.com/blog/wp-content/uploads/2022/12/2-2-100x55.jpg 100w" data-lazy-sizes="(max-width: 1574px) 100vw, 1574px"><img class="aligncenter size-full wp-image-26066 sp-no-webp entered lazyloaded" src="https://itviec.com/blog/wp-content/uploads/2022/12/2-2.jpg" sizes="(max-width: 1574px) 100vw, 1574px" srcset="https://itviec.com/blog/wp-content/uploads/2022/12/2-2.jpg 640w, https://itviec.com/blog/wp-content/uploads/2022/12/2-2-300x166.jpg 300w, https://itviec.com/blog/wp-content/uploads/2022/12/2-2-200x111.jpg 200w, https://itviec.com/blog/wp-content/uploads/2022/12/2-2-100x55.jpg 100w" alt="selenium-la-gi-suite" width="1574" height="873" data-lazy-src="https://itviec.com/blog/wp-content/uploads/2022/12/2-2.jpg" data-lazy-srcset="https://itviec.com/blog/wp-content/uploads/2022/12/2-2.jpg 640w, https://itviec.com/blog/wp-content/uploads/2022/12/2-2-300x166.jpg 300w, https://itviec.com/blog/wp-content/uploads/2022/12/2-2-200x111.jpg 200w, https://itviec.com/blog/wp-content/uploads/2022/12/2-2-100x55.jpg 100w" data-lazy-sizes="(max-width: 1574px) 100vw, 1574px" data-ll-status="loaded"></picture></p>\r\n<p><em>Cấu tr&uacute;c c&aacute;c th&agrave;nh phần ch&iacute;nh của Selenium. Nguồn @functionize</em></p>\r\n<h3><strong>Selenium RC (Selenium Remote Control)</strong></h3>\r\n<p>Selenium RC (hay được biết đến l&agrave; Selenium 1) l&agrave; c&ocirc;ng cụ Selenium đầu ti&ecirc;n được ph&aacute;t triển bởi Paul Hammant.&nbsp;</p>\r\n<p><strong>C&aacute;ch hoạt động:</strong></p>\r\n<p>Selenium RC được cấu h&igrave;nh bằng Java để hoạt động tr&ecirc;n cơ sở m&ocirc; h&igrave;nh m&aacute;y kh&aacute;ch &ndash; m&aacute;y chủ. Trong đ&oacute; Selenium RC server (m&aacute;y chủ) nhận c&aacute;c lệnh từ Client library (thư viện cho ng&ocirc;n ngữ m&agrave; tester d&ugrave;ng để tạo test script) th&ocirc;ng qua giao thức HTTP, sau đ&oacute; chuyển đến tr&igrave;nh duyệt th&ocirc;ng qua lệnh Javascript Selenium Core. Tr&igrave;nh duyệt sẽ thực thi lệnh Selenium n&agrave;y bằng tr&igrave;nh th&ocirc;ng dịch JavaScript của n&oacute;.</p>\r\n<p><picture class="aligncenter wp-image-26029 sp-no-webp" data-lazy-srcset="https://itviec.com/blog/wp-content/uploads/2022/12/4-1-2.jpg 640w, https://itviec.com/blog/wp-content/uploads/2022/12/4-1-2-300x197.jpg 300w, https://itviec.com/blog/wp-content/uploads/2022/12/4-1-2-200x131.jpg 200w, https://itviec.com/blog/wp-content/uploads/2022/12/4-1-2-100x66.jpg 100w" data-lazy-sizes="(max-width: 754px) 100vw, 754px"><source srcset="https://itviec.com/blog/wp-content/uploads/2022/12/4-1-2.webp 640w,https://itviec.com/blog/wp-content/uploads/2022/12/4-1-2-300x197.webp 300w,https://itviec.com/blog/wp-content/uploads/2022/12/4-1-2-200x131.webp 200w,https://itviec.com/blog/wp-content/uploads/2022/12/4-1-2-100x66.webp 100w" type="image/webp" sizes="(max-width: 754px) 100vw, 754px" data-lazy-srcset="https://itviec.com/blog/wp-content/uploads/2022/12/4-1-2.webp 640w,https://itviec.com/blog/wp-content/uploads/2022/12/4-1-2-300x197.webp 300w,https://itviec.com/blog/wp-content/uploads/2022/12/4-1-2-200x131.webp 200w,https://itviec.com/blog/wp-content/uploads/2022/12/4-1-2-100x66.webp 100w" data-lazy-sizes="(max-width: 754px) 100vw, 754px"><source srcset="https://itviec.com/blog/wp-content/uploads/2022/12/4-1-2.jpg 640w, https://itviec.com/blog/wp-content/uploads/2022/12/4-1-2-300x197.jpg 300w, https://itviec.com/blog/wp-content/uploads/2022/12/4-1-2-200x131.jpg 200w, https://itviec.com/blog/wp-content/uploads/2022/12/4-1-2-100x66.jpg 100w" type="image/jpeg" sizes="(max-width: 754px) 100vw, 754px" data-lazy-srcset="https://itviec.com/blog/wp-content/uploads/2022/12/4-1-2.jpg 640w, https://itviec.com/blog/wp-content/uploads/2022/12/4-1-2-300x197.jpg 300w, https://itviec.com/blog/wp-content/uploads/2022/12/4-1-2-200x131.jpg 200w, https://itviec.com/blog/wp-content/uploads/2022/12/4-1-2-100x66.jpg 100w" data-lazy-sizes="(max-width: 754px) 100vw, 754px"><img class="aligncenter wp-image-26029 sp-no-webp entered lazyloaded" src="https://itviec.com/blog/wp-content/uploads/2022/12/4-1-2.jpg" sizes="(max-width: 754px) 100vw, 754px" srcset="https://itviec.com/blog/wp-content/uploads/2022/12/4-1-2.jpg 640w, https://itviec.com/blog/wp-content/uploads/2022/12/4-1-2-300x197.jpg 300w, https://itviec.com/blog/wp-content/uploads/2022/12/4-1-2-200x131.jpg 200w, https://itviec.com/blog/wp-content/uploads/2022/12/4-1-2-100x66.jpg 100w" alt="selenium-la-gi-remote-control" width="754" height="495" data-lazy-src="https://itviec.com/blog/wp-content/uploads/2022/12/4-1-2.jpg" data-lazy-srcset="https://itviec.com/blog/wp-content/uploads/2022/12/4-1-2.jpg 640w, https://itviec.com/blog/wp-content/uploads/2022/12/4-1-2-300x197.jpg 300w, https://itviec.com/blog/wp-content/uploads/2022/12/4-1-2-200x131.jpg 200w, https://itviec.com/blog/wp-content/uploads/2022/12/4-1-2-100x66.jpg 100w" data-lazy-sizes="(max-width: 754px) 100vw, 754px" data-ll-status="loaded"></picture></p>\r\n<p><em>C&aacute;ch hoạt động của Selenium RC.&nbsp;</em></p>\r\n<p><strong>Ưu điểm:</strong></p>\r\n<ul>\r\n<li aria-level="1">Chạy test tr&ecirc;n một trong c&aacute;c tr&igrave;nh duyệt web được chỉ định</li>\r\n<li aria-level="1">Cho ph&eacute;p điều khiển tr&igrave;nh duyệt với bất k&igrave; ng&ocirc;n ngữ n&agrave;o được chọn (JAVA, Ruby, Perl, PHP, Python v&agrave; C#).</li>\r\n<li aria-level="1">Cho ph&eacute;p lưu lại kết quả kiểm tra</li>\r\n<li aria-level="1">Hỗ trợ hầu hết tất cả c&aacute;c tr&igrave;nh duyệt hỗ trợ JavaScript như Firefox, Google Chrome, Internet Explorer.</li>\r\n</ul>\r\n<p><strong>Hạn chế:</strong></p>\r\n<ul>\r\n<li aria-level="1">Được viết bằng Java v&agrave; n&oacute; giới hạn người d&ugrave;ng sử dụng JavaScript l&agrave;m ng&ocirc;n ngữ nhập liệu.&nbsp;</li>\r\n<li aria-level="1">Y&ecirc;u cầu một tr&igrave;nh duyệt &ldquo;thực&rdquo; để chạy, v&igrave; n&oacute; l&agrave; phần mở rộng của tr&igrave;nh duyệt.</li>\r\n</ul>\r\n<p><strong>N&ecirc;n d&ugrave;ng để:</strong></p>\r\n<ul>\r\n<li aria-level="1">Chạy test c&aacute;c tr&igrave;nh duyệt hỗ trợ JavaScript</li>\r\n<li aria-level="1">Chạy test tr&ecirc;n c&aacute;c hệ điều h&agrave;nh kh&aacute;c nhau.</li>\r\n</ul>\r\n<h3><strong>Selenium WebDriver</strong></h3>\r\n<p>Selenium WebDriver l&agrave; c&ocirc;ng cụ quan trọng v&agrave; phổ biến nhất hiện nay trong bộ Selenium. Được ph&aacute;t triển bởi Simon Stewart v&agrave;o năm 2006, đến 2011, WebDriver t&iacute;ch hợp với Selenium RC tạo th&agrave;nh Selenium 2, gi&uacute;p khắc phục nhiều hạn chế của Selenium RC.&nbsp;</p>\r\n<p><strong>C&aacute;ch hoạt động:</strong></p>\r\n<p>Selenium WebDriver l&agrave; tập hợp c&aacute;c API m&atilde; nguồn mở, cho ph&eacute;p tạo v&agrave; chạy c&aacute;c b&agrave;i test tự động ở cấp độ tr&igrave;nh duyệt v&agrave; hệ điều h&agrave;nh.&nbsp;</p>\r\n<p>WebDriver protocol c&oacute; một đầu cuối cục bộ (&lsquo;m&aacute;y kh&aacute;ch&rsquo;) sẽ gửi c&aacute;c lệnh (test script) tới một driver d&agrave;nh ri&ecirc;ng cho tr&igrave;nh duyệt. Driver thực thi c&aacute;c lệnh n&agrave;y tr&ecirc;n phi&ecirc;n bản tr&igrave;nh duyệt của n&oacute;. V&iacute; dụ: ChromeDriver sẽ thực hiện test tr&ecirc;n Chrome; GeckoDriver sẽ l&agrave;m điều đ&oacute; tr&ecirc;n Firefox.</p>\r\n<p><picture class="aligncenter wp-image-26067 sp-no-webp" data-lazy-srcset="https://itviec.com/blog/wp-content/uploads/2022/12/3-2-1.jpg 640w, https://itviec.com/blog/wp-content/uploads/2022/12/3-2-1-300x199.jpg 300w, https://itviec.com/blog/wp-content/uploads/2022/12/3-2-1-200x133.jpg 200w, https://itviec.com/blog/wp-content/uploads/2022/12/3-2-1-100x66.jpg 100w" data-lazy-sizes="(max-width: 857px) 100vw, 857px"><source srcset="https://itviec.com/blog/wp-content/uploads/2022/12/3-2-1.webp 640w,https://itviec.com/blog/wp-content/uploads/2022/12/3-2-1-300x199.webp 300w,https://itviec.com/blog/wp-content/uploads/2022/12/3-2-1-200x133.webp 200w,https://itviec.com/blog/wp-content/uploads/2022/12/3-2-1-100x66.webp 100w" type="image/webp" sizes="(max-width: 857px) 100vw, 857px" data-lazy-srcset="https://itviec.com/blog/wp-content/uploads/2022/12/3-2-1.webp 640w,https://itviec.com/blog/wp-content/uploads/2022/12/3-2-1-300x199.webp 300w,https://itviec.com/blog/wp-content/uploads/2022/12/3-2-1-200x133.webp 200w,https://itviec.com/blog/wp-content/uploads/2022/12/3-2-1-100x66.webp 100w" data-lazy-sizes="(max-width: 857px) 100vw, 857px"><source srcset="https://itviec.com/blog/wp-content/uploads/2022/12/3-2-1.jpg 640w, https://itviec.com/blog/wp-content/uploads/2022/12/3-2-1-300x199.jpg 300w, https://itviec.com/blog/wp-content/uploads/2022/12/3-2-1-200x133.jpg 200w, https://itviec.com/blog/wp-content/uploads/2022/12/3-2-1-100x66.jpg 100w" type="image/jpeg" sizes="(max-width: 857px) 100vw, 857px" data-lazy-srcset="https://itviec.com/blog/wp-content/uploads/2022/12/3-2-1.jpg 640w, https://itviec.com/blog/wp-content/uploads/2022/12/3-2-1-300x199.jpg 300w, https://itviec.com/blog/wp-content/uploads/2022/12/3-2-1-200x133.jpg 200w, https://itviec.com/blog/wp-content/uploads/2022/12/3-2-1-100x66.jpg 100w" data-lazy-sizes="(max-width: 857px) 100vw, 857px"><img class="aligncenter wp-image-26067 sp-no-webp entered lazyloaded" src="https://itviec.com/blog/wp-content/uploads/2022/12/3-2-1.jpg" sizes="(max-width: 857px) 100vw, 857px" srcset="https://itviec.com/blog/wp-content/uploads/2022/12/3-2-1.jpg 640w, https://itviec.com/blog/wp-content/uploads/2022/12/3-2-1-300x199.jpg 300w, https://itviec.com/blog/wp-content/uploads/2022/12/3-2-1-200x133.jpg 200w, https://itviec.com/blog/wp-content/uploads/2022/12/3-2-1-100x66.jpg 100w" alt="selenium-la-gi-webdriver" width="857" height="569" data-lazy-src="https://itviec.com/blog/wp-content/uploads/2022/12/3-2-1.jpg" data-lazy-srcset="https://itviec.com/blog/wp-content/uploads/2022/12/3-2-1.jpg 640w, https://itviec.com/blog/wp-content/uploads/2022/12/3-2-1-300x199.jpg 300w, https://itviec.com/blog/wp-content/uploads/2022/12/3-2-1-200x133.jpg 200w, https://itviec.com/blog/wp-content/uploads/2022/12/3-2-1-100x66.jpg 100w" data-lazy-sizes="(max-width: 857px) 100vw, 857px" data-ll-status="loaded"></picture></p>\r\n<p><strong><em>Cấu tr&uacute;c hoạt động của Selenium WebDriver. Nguồn content: @hackr.io</em></strong></p>\r\n<p><strong>Selenium WebDriver bao gồm:</strong></p>\r\n<ul>\r\n<li aria-level="1"><strong>API:&nbsp;</strong>Gi&uacute;p chuyển c&aacute;c test script viết bằng ng&ocirc;n ngữ lập tr&igrave;nh sang Selenese (ng&ocirc;n ngữ scripting của Selenium), th&ocirc;ng qua c&aacute;c binding.</li>\r\n</ul>\r\n<ul>\r\n<li aria-level="1"><strong>Library:&nbsp;</strong>Nơi chứa API v&agrave; c&aacute;c binding.&nbsp;</li>\r\n<li aria-level="1"><strong>Driver:&nbsp;</strong>Module thực hiện việc mở tr&igrave;nh duyệt v&agrave; chạy test script. V&iacute; dụ: Chromedriver hỗ trợ tự động h&oacute;a Selenium tr&ecirc;n Chrome.</li>\r\n<li aria-level="1"><strong>Framework:&nbsp;</strong>Hỗ trợ c&aacute;c thư viện để t&iacute;ch hợp với c&aacute;c framework kiểm thử ng&ocirc;n ngữ tự nhi&ecirc;n hoặc ng&ocirc;n ngữ lập tr&igrave;nh. V&iacute; dụ: Selenium với Cucumber hoặc Selenium với TestNG.</li>\r\n</ul>\r\n<p><strong>Ưu điểm:</strong></p>\r\n<ul>\r\n<li aria-level="1">Cho ph&eacute;p tương t&aacute;c trực tiếp với tr&igrave;nh duyệt, kh&ocirc;ng cần m&aacute;y chủ trung gian như Selenium RC.</li>\r\n<li aria-level="1">Tận dụng chức năng của hệ điều h&agrave;nh gốc để điều khiển tr&igrave;nh duyệt thay v&igrave; dựa v&agrave;o c&aacute;c lệnh JavaScript để khởi tạo v&agrave; vận h&agrave;nh tr&igrave;nh duyệt.</li>\r\n<li aria-level="1">C&agrave;i đặt đơn giản hơn IDE v&agrave; RC</li>\r\n<li aria-level="1">Hoạt động ổn định, thời gian thực thi nhanh hơn</li>\r\n<li aria-level="1">Dễ d&agrave;ng t&iacute;ch hợp với c&aacute;c framework như TestNG v&agrave; JUnit để quản l&yacute;</li>\r\n<li aria-level="1">Hỗ trợ c&aacute;c tr&igrave;nh duyệt như Mozilla Firefox, Internet Explorer, Google Chrome, Safari, v.v.</li>\r\n<li aria-level="1">Hỗ trợ nhiều ng&ocirc;n ngữ như C#, JAVA, Ruby, Perl, Python v&agrave; PHP.</li>\r\n<li aria-level="1">Hỗ trợ nhiều nền tảng như Linux, Windows, MAC, v.v.</li>\r\n</ul>', 'https://img.freepik.com/premium-vector/comic-youtube-thumbnail-background-comic-style_530597-997.jpg?w=2000', 'Thủ thuật,Tips,', NULL, 1, '2022-12-23 23:45:34', '2022-12-23 23:45:34', 1, 0, 'selenium-testing-la-gi-cac-thanh-phan-co-ban-va-cach-kiem-thu-tu-dong-hieu-qua-voi-selenium'),
	(33, 'Cẩm nang sử dụng Figma hiệu quả dành cho UI/UX Designer', '', 'https://img.freepik.com/premium-vector/comic-youtube-thumbnail-background-comic-style_530597-997.jpg?w=2000', 'Thủ thuật,Tips,', NULL, 1, '2022-12-23 23:50:12', '2022-12-23 23:50:12', 1, 1, 'cam-nang-su-dung-figma-hieu-qua-danh-cho-ui-ux-designer'),
	(34, 'Figma là gì? Developer có thể làm gì với Figma?', '', 'https://itviec.com/blog/wp-content/uploads/2022/08/figma-la-gi-thumbnew.webp', 'Tips,', NULL, 1, '2022-12-24 01:20:41', '2022-12-24 01:20:41', 1, 0, 'figma-la-gi-developer-co-the-lam-gi-voi-figma-'),
	(35, 'CI/CD là gì? Lợi ích và các nguyên tắc triển khai CI/CD vào quy trình phát triển phần mềm', '', 'https://itviec.com/blog/wp-content/uploads/2022/07/ci-cd-la-gi-thumbnail.webp', 'Tips,Thủ thuật,', NULL, 1, '2022-12-24 01:22:49', '2022-12-24 01:22:49', 1, 0, 'ci-cd-la-gi-loi-ich-va-cac-nguyen-tac-trien-khai-ci-cd-vao-quy-trinh-phat-trien-phan-mem'),
	(36, 'Top 15+ framework back-end, front-end và mobile phổ biến nhất 2022', '', 'https://itviec.com/blog/wp-content/uploads/2022/05/framework-la-gi-thumbnail-768x404.webp', 'Tips,Thủ thuật,', NULL, 1, '2022-12-24 01:24:25', '2022-12-24 01:24:25', 1, 0, 'top-15-framework-back-end-front-end-va-mobile-pho-bien-nhat-2022'),
	(39, 'Tường thuật buổi workshop “XÂY DỰNG ĐỘI NGŨ THÍCH ỨNG TRƯỚC THAY ĐỔI” dành cho nhà tuyển dụng của ITviec', '<p>sdasdasdasdasdasdsa</p>', 'https://itviec.com/blog/wp-content/uploads/2022/05/workshop-thumbnail-700x368.webp', 'Thủ thuật,', NULL, 1, '2022-12-24 01:36:45', '2022-12-24 01:36:45', 1, 0, 'tuong-thuat-buoi-workshop-xay-dung-doi-ngu-thich-ung-truoc-thay-doi-danh-cho-nha-tuyen-dung-cua-itviec'),
	(40, 'Kafka là gì? Những lợi ích tuyệt vời mà Kafka mang lại cho Dev', '<p>23asfsdgvsdtge4t5435</p>', 'https://itviec.com/blog/wp-content/uploads/2022/03/kafka-la-gi-itviec-thubmnail.webp', 'Thủ thuật,Tips,', NULL, 1, '2022-12-24 01:38:35', '2022-12-24 01:38:35', 1, 0, 'kafka-la-gi-nhung-loi-ich-tuyet-voi-ma-kafka-mang-lai-cho-dev'),
	(41, 'Kafka là gì? Những lợi ích tuyệt vời mà Kafka mang lại cho Dev', '<p>23asfsdgvsdtge4t5435</p>', 'https://itviec.com/blog/wp-content/uploads/2022/03/kafka-la-gi-itviec-thubmnail.webp', 'Thủ thuật,Tips,', NULL, 1, '2022-12-24 01:41:00', '2022-12-24 01:41:00', 1, 0, 'kafka-la-gi-nhung-loi-ich-tuyet-voi-ma-kafka-mang-lai-cho-dev');

-- Dumping structure for table blog.b_tags
CREATE TABLE IF NOT EXISTS `b_tags` (
  `id_tag` int NOT NULL AUTO_INCREMENT,
  `title` varchar(50) COLLATE utf8mb4_vietnamese_ci DEFAULT NULL,
  KEY `Index 1` (`id_tag`)
) ENGINE=InnoDB AUTO_INCREMENT=5 DEFAULT CHARSET=utf8mb4 COLLATE=utf8mb4_vietnamese_ci;

-- Dumping data for table blog.b_tags: ~4 rows (approximately)
INSERT INTO `b_tags` (`id_tag`, `title`) VALUES
	(1, 'Thủ thuật'),
	(2, 'Tips'),
	(3, 'LT'),
	(4, 'ádas');

-- Dumping structure for table blog.b_tag_of_post
CREATE TABLE IF NOT EXISTS `b_tag_of_post` (
  `id` int NOT NULL AUTO_INCREMENT,
  `post_id` int DEFAULT NULL,
  `tag_id` int DEFAULT NULL,
  KEY `Index 1` (`id`),
  KEY `FK__post` (`post_id`),
  KEY `FK2_tags` (`tag_id`),
  CONSTRAINT `FK2_tags` FOREIGN KEY (`tag_id`) REFERENCES `b_tags` (`id_tag`) ON DELETE SET NULL ON UPDATE CASCADE,
  CONSTRAINT `FK__post` FOREIGN KEY (`post_id`) REFERENCES `b_post` (`id`) ON DELETE CASCADE
) ENGINE=InnoDB AUTO_INCREMENT=61 DEFAULT CHARSET=utf8mb4 COLLATE=utf8mb4_vietnamese_ci;

-- Dumping data for table blog.b_tag_of_post: ~14 rows (approximately)
INSERT INTO `b_tag_of_post` (`id`, `post_id`, `tag_id`) VALUES
	(25, 32, 1),
	(26, 32, 2),
	(27, 33, 1),
	(28, 33, 2),
	(31, 34, 2),
	(32, 35, 2),
	(33, 35, 1),
	(34, 36, 2),
	(35, 36, 1),
	(38, 39, 1),
	(39, 40, 1),
	(40, 40, 2),
	(41, 41, 1),
	(42, 41, 2),
	(59, 27, 1),
	(60, 27, 3);

-- Dumping structure for table blog.b_user
CREATE TABLE IF NOT EXISTS `b_user` (
  `id` int NOT NULL AUTO_INCREMENT,
  `username` varchar(100) CHARACTER SET utf8mb3 COLLATE utf8mb3_vietnamese_ci NOT NULL,
  `password` varchar(100) CHARACTER SET utf8mb3 COLLATE utf8mb3_vietnamese_ci NOT NULL,
  `email` varchar(100) CHARACTER SET utf8mb3 COLLATE utf8mb3_vietnamese_ci NOT NULL,
  `admin` int DEFAULT '0',
  PRIMARY KEY (`id`)
) ENGINE=InnoDB AUTO_INCREMENT=3 DEFAULT CHARSET=utf8mb3 COLLATE=utf8mb3_vietnamese_ci;

-- Dumping data for table blog.b_user: ~2 rows (approximately)
INSERT INTO `b_user` (`id`, `username`, `password`, `email`, `admin`) VALUES
	(1, 'thanhben01', '123', '123', 1),
	(2, 'Khách', '111111', 'khach@gmail.com', 0);

/*!40103 SET TIME_ZONE=IFNULL(@OLD_TIME_ZONE, 'system') */;
/*!40101 SET SQL_MODE=IFNULL(@OLD_SQL_MODE, '') */;
/*!40014 SET FOREIGN_KEY_CHECKS=IFNULL(@OLD_FOREIGN_KEY_CHECKS, 1) */;
/*!40101 SET CHARACTER_SET_CLIENT=@OLD_CHARACTER_SET_CLIENT */;
/*!40111 SET SQL_NOTES=IFNULL(@OLD_SQL_NOTES, 1) */;
